// questionContent,keyword
// Describe a time when you had to troubleshoot a difficult technical problem.,"[""behavioral"", ""problem-solving"", ""technical skills"", ""troubleshooting""]"
// How do you manage competing priorities when handling multiple IT projects?,"[""behavioral"", ""time management"", ""prioritization"", ""multitasking""]"
// Explain a situation where you implemented a new technology or system. What was the impact?,"[""technical"", ""innovation"", ""implementation"", ""technology""]"
// How would you handle a security breach in the company's network?,"[""case study"", ""security"", ""problem-solving"", ""crisis management""]"
// Tell me about a time when you worked on a team project that failed. What did you learn?,"[""behavioral"", ""teamwork"", ""collaboration"", ""failure"", ""learning""]"
// Describe a challenging bug you had to fix. How did you go about resolving it?,"[""technical"", ""debugging"", ""problem-solving"", ""technical skills""]"
// Can you provide an example of how you handled a difficult patient?,"[""behavioral"", ""patient care"", ""communication"", ""empathy""]"
// Describe a time when you had to make a quick decision in a medical emergency.,"[""behavioral"", ""decision-making"", ""crisis management"", ""quick thinking""]"
// How do you stay current with medical research and advancements?,"[""technical"", ""continuous learning"", ""research"", ""professional development""]"
// How would you manage a situation where there is a shortage of medical supplies?,"[""case study"", ""resource management"", ""problem-solving"", ""crisis management""]"
// Tell me about a time when you had to work with a difficult colleague.,"[""behavioral"", ""teamwork"", ""conflict resolution"", ""communication""]"
// Describe a case where you had to interpret complex medical data to make a diagnosis.,"[""technical"", ""data analysis"", ""diagnosis"", ""technical skills""]"
// Describe a time when you identified a financial risk and how you mitigated it.,"[""behavioral"", ""risk management"", ""problem-solving"", ""analytical skills""]"
// "How do you handle stressful situations, especially during financial reporting periods?","[""behavioral"", ""stress management"", ""time management"", ""pressure""]"
// Explain a complex financial concept to someone without a finance background.,"[""technical"", ""communication"", ""technical skills"", ""simplification""]"
// How would you approach creating a financial plan for a new client?,"[""case study"", ""planning"", ""client management"", ""financial analysis""]"
// Tell me about a time when you had to collaborate with a team to achieve a financial goal.,"[""behavioral"", ""teamwork"", ""collaboration"", ""goal-setting""]"
// Describe an experience where you used financial data to influence a business decision.,"[""technical"", ""data analysis"", ""decision-making"", ""business impact""]"
// Can you share an example of a challenging situation with a student and how you handled it?,"[""behavioral"", ""student management"", ""conflict resolution"", ""empathy""]"
// Describe a time when you had to adapt your teaching style to meet the needs of diverse learners.,"[""behavioral"", ""adaptability"", ""teaching"", ""diversity""]"
// How do you integrate technology into your teaching methods?,"[""technical"", ""technology"", ""innovation"", ""teaching""]"
// How would you handle a situation where a large portion of the class is failing?,"[""case study"", ""problem-solving"", ""intervention"", ""academic performance""]"
// Tell me about a successful project or initiative you led in your school.,"[""behavioral"", ""leadership"", ""project management"", ""success""]"
// Explain your process for developing a curriculum for a new subject.,"[""technical"", ""curriculum development"", ""planning"", ""education""]"
// Describe a time when you had to improve a manufacturing process. What steps did you take?,"[""behavioral"", ""process improvement"", ""problem-solving"", ""efficiency""]"
// How do you handle quality control issues on the production floor?,"[""behavioral"", ""quality control"", ""problem-solving"", ""attention to detail""]"
// Explain a situation where you implemented a lean manufacturing technique.,"[""technical"", ""lean manufacturing"", ""implementation"", ""efficiency""]"
// How would you address a significant drop in production output?,"[""case study"", ""problem-solving"", ""production management"", ""crisis management""]"
// Tell me about a time when you had to work with a diverse team to complete a manufacturing project.,"[""behavioral"", ""teamwork"", ""diversity"", ""collaboration""]"
// Describe your experience with using automation in manufacturing processes.,"[""technical"", ""automation"", ""technology"", ""innovation""]"
// Can you give an example of a time when you dealt with a difficult customer?,"[""behavioral"", ""customer service"", ""conflict resolution"", ""communication""]"
// Describe a situation where you exceeded sales targets.,"[""behavioral"", ""sales"", ""goal achievement"", ""performance""]"
// How do you use data analytics to drive retail decisions?,"[""technical"", ""data analytics"", ""decision-making"", ""technical skills""]"
// How would you manage inventory for a new product launch?,"[""case study"", ""inventory management"", ""planning"", ""launch""]"
// Tell me about a time when you implemented a successful marketing campaign in your store.,"[""behavioral"", ""marketing"", ""implementation"", ""success""]"
// Explain your approach to optimizing the customer shopping experience.,"[""technical"", ""customer experience"", ""optimization"", ""innovation""]"
// Describe a marketing campaign you led and its results.,"[""behavioral"", ""campaign management"", ""leadership"", ""results""]"
// How do you handle tight deadlines and high-pressure situations in marketing?,"[""behavioral"", ""deadline management"", ""stress management"", ""pressure""]"
// Explain a situation where you used data to drive a marketing strategy.,"[""technical"", ""data-driven strategy"", ""analytics"", ""technical skills""]"
// How would you develop a marketing plan for a new product?,"[""case study"", ""planning"", ""product launch"", ""strategy""]"
// Tell me about a time when you had to pivot a marketing strategy due to unexpected changes.,"[""behavioral"", ""adaptability"", ""strategy"", ""problem-solving""]"
// Describe your experience with digital marketing tools and platforms.,"[""technical"", ""digital marketing"", ""tools"", ""platforms""]"
// Can you provide an example of a challenging project you completed in the arts/media industry?,"[""behavioral"", ""project management"", ""creativity"", ""challenge""]"
// Describe a time when you had to collaborate with a diverse team on a creative project.,"[""behavioral"", ""teamwork"", ""collaboration"", ""diversity""]"
// Explain how you stay current with industry trends and technologies.,"[""technical"", ""continuous learning"", ""trends"", ""technology""]"
// How would you handle a situation where a key performer or artist drops out last minute?,"[""case study"", ""crisis management"", ""problem-solving"", ""adaptability""]"
// Tell me about a successful campaign or project you led in this industry.,"[""behavioral"", ""leadership"", ""success"", ""project management""]"
// Describe your experience with using digital tools and software for creative projects.,"[""technical"", ""digital tools"", ""software"", ""creativity""]"
// Describe a time when you faced a significant challenge on an engineering project. How did you overcome it?,"[""behavioral"", ""problem-solving"", ""challenge"", ""project management""]"
// How do you ensure safety and compliance on a construction site?,"[""behavioral"", ""safety"", ""compliance"", ""management""]"
// Explain a complex engineering problem you solved and the steps you took.,"[""technical"", ""problem-solving"", ""technical skills"", ""complexity""]"
// How would you approach a project with a tight deadline and limited resources?,"[""case study"", ""resource management"", ""deadline"", ""planning""]"
// Tell me about a time when you had to work with a multidisciplinary team on a project.,"[""behavioral"", ""teamwork"", ""collaboration"", ""multidisciplinary""]"
// Describe your experience with using engineering software tools.,"[""technical"", ""software tools"", ""technical skills"", ""engineering""]"
// Can you provide an example of a policy you helped develop and implement?,"[""behavioral"", ""policy development"", ""implementation"", ""public service""]"
// Describe a time when you had to manage a public relations crisis.,"[""behavioral"", ""crisis management"", ""communication"", ""public relations""]"
// Explain how you use data to inform policy decisions.,"[""technical"", ""data analysis"", ""decision-making"", ""policy""]"
// How would you handle budget cuts in your department?,"[""case study"", ""budget management"", ""problem-solving"", ""planning""]"
// Tell me about a time when you had to navigate a complex regulatory environment.,"[""behavioral"", ""regulatory compliance"", ""problem-solving"", ""complexity""]"
// Describe your experience with public sector project management tools.,"[""technical"", ""project management"", ""tools"", ""public sector""]"
// Describe a time when you improved a business process. What was the impact?,"[""behavioral"", ""process improvement"", ""impact"", ""problem-solving""]"
// How do you handle competing priorities when managing multiple clients?,"[""behavioral"", ""time management"", ""multitasking"", ""client management""]"
// Explain a situation where you used data to enhance business operations.,"[""technical"", ""data analysis"", ""operational efficiency"", ""technical skills""]"
// How would you approach a project where the client's requirements keep changing?,"[""case study"", ""adaptability"", ""client management"", ""problem-solving""]"
// Tell me about a successful project you led that had a significant business impact.,"[""behavioral"", ""leadership"", ""project management"", ""impact""]"
// Describe your experience with business process management software.,"[""technical"", ""software"", ""technical skills"", ""business processes""]"
// Can you give an example of how you handled a difficult customer situation?,"[""behavioral"", ""customer service"", ""conflict resolution"", ""communication""]"
// Describe a time when you had to manage a high-pressure situation in the hospitality industry.,"[""behavioral"", ""stress management"", ""pressure"", ""problem-solving""]"
// How do you use technology to enhance guest experiences?,"[""technical"", ""technology"", ""guest experience"", ""innovation""]"
// How would you handle an overbooking situation at a hotel?,"[""case study"", ""crisis management"", ""problem-solving"", ""guest relations""]"
// Tell me about a time when you went above and beyond for a guest.,"[""behavioral"", ""customer service"", ""dedication"", ""guest satisfaction""]"
// Describe your experience with hospitality management systems.,"[""technical"", ""management systems"", ""technical skills"", ""hospitality""]"
// Describe a time when you had to ensure compliance with strict regulations.,"[""behavioral"", ""regulatory compliance"", ""attention to detail"", ""problem-solving""]"
// How do you handle ethical dilemmas in the pharmaceutical industry?,"[""behavioral"", ""ethics"", ""decision-making"", ""problem-solving""]"
// Explain a situation where you contributed to the development of a new drug or product.,"[""technical"", ""product development"", ""innovation"", ""technical skills""]"
// How would you manage a sudden recall of a pharmaceutical product?,"[""case study"", ""crisis management"", ""problem-solving"", ""planning""]"
// Tell me about a successful project you led in the biotechnology field.,"[""behavioral"", ""leadership"", ""project management"", ""success""]"
// Describe your experience with laboratory information management systems (LIMS).,"[""technical"", ""LIMS"", ""technical skills"", ""laboratory management""]"
// Can you provide an example of a challenging case you worked on? How did you approach it?,"[""behavioral"", ""case management"", ""problem-solving"", ""legal skills""]"
// Describe a time when you had to navigate a complex legal issue.,"[""behavioral"", ""complexity"", ""problem-solving"", ""legal skills""]"
// How do you stay current with changes in laws and regulations?,"[""technical"", ""continuous learning"", ""regulations"", ""legal knowledge""]"
// How would you handle a client who is unhappy with the outcome of their case?,"[""case study"", ""client management"", ""conflict resolution"", ""communication""]"
// Tell me about a time when you had to work under tight deadlines on a legal project.,"[""behavioral"", ""time management"", ""deadlines"", ""legal skills""]"
// Describe your experience with legal research databases and tools.,"[""technical"", ""research"", ""technical skills"", ""legal tools""]"
// Describe a time when you had to manage an environmental project with tight regulations.,"[""behavioral"", ""regulatory compliance"", ""project management"", ""environmental impact""]"
// How do you handle conflicting priorities in environmental projects?,"[""behavioral"", ""prioritization"", ""problem-solving"", ""project management""]"
// Explain a situation where you used data to drive an environmental initiative.,"[""technical"", ""data analysis"", ""environmental impact"", ""technical skills""]"
// How would you approach a project aimed at reducing the environmental footprint of a company?,"[""case study"", ""sustainability"", ""planning"", ""problem-solving""]"
// Tell me about a time when you had to advocate for environmental policies or practices.,"[""behavioral"", ""advocacy"", ""communication"", ""policy""]"
// Describe your experience with environmental assessment tools and software.,"[""technical"", ""assessment tools"", ""technical skills"", ""environmental impact""]"